City_ID,City,Lat,Lng,Max Temp,Humidity,Cloudiness,Wind Speed,Country,Date
0,Krasnoselkup,65.7,82.4667,61.68,82,100,4.9,RU,2022-06-15 22:40:15
1,Narasannapeta,18.4167,84.05,82.71,82,100,9.37,IN,2022-06-15 22:40:15
2,Bluff,-46.6,168.3333,48.79,79,49,24.32,NZ,2022-06-15 22:40:16
3,Busselton,-33.65,115.3333,61.23,84,5,8.5,AU,2022-06-15 22:40:16
4,Torbay,47.6666,-52.7314,48.97,70,40,8.05,CA,2022-06-15 22:40:16
5,Coihaique,-45.5752,-72.0662,41.61,87,20,0.0,CL,2022-06-15 22:40:02
6,Shenjiamen,29.9576,122.298,72.28,96,74,11.18,CN,2022-06-15 22:40:17
7,Albany,42.6001,-73.9662,79.29,51,86,2.57,US,2022-06-15 22:40:17
8,Rocha,-34.4833,-54.3333,52.83,90,90,5.48,UY,2022-06-15 22:40:17
9,Lorengau,-2.0226,147.2712,84.54,69,88,9.51,PG,2022-06-15 22:40:18
10,Cape Town,-33.9258,18.4232,57.38,72,0,4.0,ZA,2022-06-15 22:40:18
11,Kapaa,22.0752,-159.319,83.48,74,0,17.27,US,2022-06-15 22:40:18
12,Pangai,-19.8,-174.35,82.51,74,20,13.8,TO,2022-06-15 22:37:19
13,Rikitea,-23.1203,-134.9692,72.75,70,55,6.73,PF,2022-06-15 22:40:19
14,Luderitz,-26.6481,15.1594,63.46,35,5,18.32,NA,2022-06-15 22:40:19
15,Atuona,-9.8,-139.0333,78.19,69,38,20.13,PF,2022-06-15 22:40:19
16,Nikolskoye,59.7035,30.7861,57.79,89,86,10.6,RU,2022-06-15 22:40:20
17,Tasiilaq,65.6145,-37.6368,41.16,96,100,9.4,GL,2022-06-15 22:40:20
18,Pevek,69.7008,170.3133,35.11,78,6,5.73,RU,2022-06-15 22:40:20
19,Bambous Virieux,-20.3428,57.7575,74.21,78,75,17.27,MU,2022-06-15 22:40:21
20,Saint-Philippe,-21.3585,55.7679,69.39,85,58,16.53,RE,2022-06-15 22:40:21
21,Mataura,-46.1927,168.8643,48.47,92,97,7.43,NZ,2022-06-15 22:40:21
22,Midland,31.9974,-102.0779,99.27,26,0,19.57,US,2022-06-15 22:38:17
23,Romilly-Sur-Seine,48.5108,3.7263,69.12,73,3,4.18,FR,2022-06-15 22:40:22
24,Nanortalik,60.1432,-45.2371,40.26,78,30,8.86,GL,2022-06-15 22:40:22
25,Ushuaia,-54.8,-68.3,42.46,75,40,11.5,AR,2022-06-15 22:40:17
26,Chulman,56.8479,124.9104,58.95,57,11,4.07,RU,2022-06-15 22:40:22
27,Gravelbourg,49.8834,-106.5512,55.67,85,89,27.13,CA,2022-06-15 22:40:23
28,Bataipora,-22.2953,-53.2711,66.4,64,0,5.35,BR,2022-06-15 22:40:23
29,Turinsk,58.0458,63.696,52.95,92,33,5.19,RU,2022-06-15 22:40:23
30,Hilo,19.7297,-155.09,82.27,75,20,6.91,US,2022-06-15 22:40:23
31,Carutapera,-1.195,-46.02,76.66,78,95,8.81,BR,2022-06-15 22:40:24
32,Pangnirtung,66.1451,-65.7125,41.0,100,100,8.05,CA,2022-06-15 22:40:24
33,Bredasdorp,-34.5322,20.0403,46.06,79,8,3.44,ZA,2022-06-15 22:40:24
34,Ribeira Grande,38.5167,-28.7,65.05,90,12,5.44,PT,2022-06-15 22:36:50
35,Pisco,-13.7,-76.2167,64.45,72,0,16.11,PE,2022-06-15 22:40:25
36,Dikson,73.5069,80.5464,36.0,83,33,6.87,RU,2022-06-15 22:40:25
37,New Ulm,44.3125,-94.4605,80.92,43,0,12.66,US,2022-06-15 22:35:39
38,Moirang,24.5,93.7667,68.88,98,100,1.43,IN,2022-06-15 22:40:25
39,Bengkulu,-3.8004,102.2655,74.52,89,100,3.83,ID,2022-06-15 22:40:26
40,Hermanus,-34.4187,19.2345,51.26,71,6,8.68,ZA,2022-06-15 22:40:26
41,Fairbanks,64.8378,-147.7164,73.02,51,75,8.05,US,2022-06-15 22:40:27
42,Doha,25.2867,51.5333,91.38,44,0,2.3,QA,2022-06-15 22:40:27
43,Provideniya,64.3833,-173.3,39.36,100,100,13.42,RU,2022-06-15 22:40:27
44,New Norfolk,-42.7826,147.0587,42.3,93,97,1.01,AU,2022-06-15 22:40:27
45,Sao Filipe,14.8961,-24.4956,72.9,85,38,6.93,CV,2022-06-15 22:40:28
46,General Roca,-39.0333,-67.5833,47.62,57,0,2.51,AR,2022-06-15 22:40:28
47,Saskylakh,71.9167,114.0833,46.67,44,29,5.99,RU,2022-06-15 22:41:28
48,Conceicao Do Araguaia,-8.2578,-49.2647,75.31,53,1,3.78,BR,2022-06-15 22:41:29
49,Bathsheba,13.2167,-59.5167,83.01,83,40,21.85,BB,2022-06-15 22:41:29
50,Khatanga,71.9667,102.5,59.29,42,99,10.02,RU,2022-06-15 22:41:29
51,Terrace,54.5163,-128.6035,73.31,35,75,5.75,CA,2022-06-15 22:41:29
52,Hithadhoo,-0.6,73.0833,82.2,72,67,5.46,MV,2022-06-15 22:41:30
53,Merauke,-8.4667,140.3333,80.17,83,66,13.49,ID,2022-06-15 22:36:44
54,Asfi,32.2994,-9.2372,67.62,80,45,6.38,MA,2022-06-15 22:41:30
55,Butaritari,3.0707,172.7902,81.91,68,69,12.26,KI,2022-06-15 22:41:30
56,Lalmohan,22.3384,90.7419,82.58,85,98,17.2,BD,2022-06-15 22:41:31
57,Zhuanghe,39.7008,122.9911,65.73,75,13,3.91,CN,2022-06-15 22:41:31
58,Hami,42.8,93.45,83.71,22,96,13.96,CN,2022-06-15 22:41:31
59,Souillac,-20.5167,57.5167,71.98,78,75,17.27,MU,2022-06-15 22:41:32
60,Gambissara,13.2382,-14.3108,80.04,74,96,4.7,SN,2022-06-15 22:41:32
61,Vestmannaeyjar,63.4427,-20.2734,49.24,73,58,15.17,IS,2022-06-15 22:41:32
62,East London,-33.0153,27.9116,54.39,64,30,19.77,ZA,2022-06-15 22:41:32
63,Port Alfred,-33.5906,26.891,53.49,73,71,18.77,ZA,2022-06-15 22:41:33
64,Barrow,71.2906,-156.7887,41.02,81,20,11.5,US,2022-06-15 22:40:02
65,Bud,39.447,-86.1758,93.34,54,50,9.91,US,2022-06-15 22:41:33
66,Bethel,41.3712,-73.414,77.36,68,20,9.22,US,2022-06-15 22:41:33
67,La Ciotat,43.1748,5.6045,73.29,85,69,7.63,FR,2022-06-15 22:41:34
68,Mujiayingzi,42.1167,118.7833,66.15,65,2,5.53,CN,2022-06-15 22:41:34
69,Bonavista,48.6499,-53.1147,44.06,81,23,2.86,CA,2022-06-15 22:41:34
70,Avarua,-21.2078,-159.775,82.45,69,20,14.97,CK,2022-06-15 22:41:34
71,Husavik,66.0449,-17.3389,48.6,92,94,8.1,IS,2022-06-15 22:41:35
72,Codrington,-38.2667,141.9667,55.63,90,60,13.98,AU,2022-06-15 22:41:35
73,Guinguineo,14.2667,-15.95,84.83,60,79,10.09,SN,2022-06-15 22:41:35
74,Bontang,0.1333,117.5,77.63,86,100,5.86,ID,2022-06-15 22:41:36
75,Lansdale,40.2415,-75.2838,84.69,57,40,8.05,US,2022-06-15 22:41:36
76,Jamestown,42.097,-79.2353,83.79,87,100,7.45,US,2022-06-15 22:38:11
77,Lagoa,39.05,-27.9833,63.39,86,38,6.71,PT,2022-06-15 22:41:36
78,Faanui,-16.4833,-151.75,80.8,70,13,17.25,PF,2022-06-15 22:41:37
79,Bardiyah,31.7561,25.0865,73.29,79,0,7.2,LY,2022-06-15 22:41:37
80,Qaanaaq,77.484,-69.3632,29.95,79,67,1.52,GL,2022-06-15 22:41:38
81,Mumford,5.2618,-0.759,74.57,94,100,6.69,GH,2022-06-15 22:41:38
82,Hudson Bay,52.85,-102.3842,59.18,65,86,1.74,CA,2022-06-15 22:41:38
83,Constitucion,-35.3333,-72.4167,51.42,88,24,7.76,CL,2022-06-15 22:41:39
84,Puerto Ayora,-0.7393,-90.3518,78.76,89,42,8.99,EC,2022-06-15 22:41:14
85,Punta Arenas,-53.15,-70.9167,44.71,65,75,23.02,CL,2022-06-15 22:40:41
86,Faya,18.3851,42.4509,73.51,21,67,8.12,SA,2022-06-15 22:41:39
87,Saint-Pierre,-21.3393,55.4781,71.91,73,20,5.75,RE,2022-06-15 22:39:39
88,Ginda,30.6945,78.4932,66.36,52,51,6.55,IN,2022-06-15 22:41:39
89,Constantine,36.365,6.6147,76.41,33,0,2.3,DZ,2022-06-15 22:41:40
90,Kilindoni,-7.9139,39.6668,77.74,76,0,8.08,TZ,2022-06-15 22:41:40
91,Batemans Bay,-35.7167,150.1833,51.1,73,84,6.46,AU,2022-06-15 22:39:56
92,Hervey Bay,-25.2986,152.8535,65.59,70,100,3.58,AU,2022-06-15 22:42:41
93,Sur,22.5667,59.5289,86.81,66,15,10.33,OM,2022-06-15 22:42:41
94,Cayenne,4.9333,-52.3333,82.09,9,0,1.99,GF,2022-06-15 22:42:41
95,Carnarvon,-24.8667,113.6333,70.16,89,100,2.3,AU,2022-06-15 22:42:41
96,Penzance,50.1186,-5.5371,52.48,79,44,9.75,GB,2022-06-15 22:42:42
97,Southbridge,42.0751,-72.0334,75.63,67,69,6.31,US,2022-06-15 22:42:42
98,Ambovombe,-25.1667,46.0833,70.05,66,73,6.31,MG,2022-06-15 22:42:42
99,Georgetown,5.4112,100.3354,76.95,94,40,13.0,MY,2022-06-15 22:38:12
100,Victoria,22.2855,114.1577,82.45,89,100,8.01,HK,2022-06-15 22:41:36
101,Buin,-33.7333,-70.75,57.06,74,0,1.63,CL,2022-06-15 22:42:43
102,Erzin,36.9559,36.2,69.8,86,2,1.05,TR,2022-06-15 22:42:43
103,Savannah Bight,16.45,-85.85,81.19,77,95,16.42,HN,2022-06-15 22:42:44
104,Kodiak,57.79,-152.4072,56.71,72,0,12.66,US,2022-06-15 22:42:44
105,Kanigoro,-8.13,112.219,71.98,90,94,3.2,ID,2022-06-15 22:42:44
106,Fethiye,36.6217,29.1164,69.67,67,24,3.58,TR,2022-06-15 22:42:45
107,Jiwani,25.05,61.7417,81.48,86,7,7.38,PK,2022-06-15 22:42:45
108,Inhambane,-23.865,35.3833,70.03,78,35,15.46,MZ,2022-06-15 22:42:45
109,El Alto,-4.2714,-81.2147,71.26,78,4,23.33,PE,2022-06-15 22:42:45
110,Nouadhibou,20.931,-17.0347,69.78,83,1,13.8,MR,2022-06-15 22:42:46
111,Castro,-24.7911,-50.0119,52.92,88,37,2.73,BR,2022-06-15 22:42:46
112,Geraldton,-28.7667,114.6,59.41,94,75,6.91,AU,2022-06-15 22:42:46
113,Alofi,-19.0595,-169.9187,80.49,78,75,13.8,NU,2022-06-15 22:42:47
114,Alyangula,-13.8483,136.4192,76.98,66,21,15.01,AU,2022-06-15 22:42:47
115,Cidreira,-30.1811,-50.2056,59.32,81,4,3.18,BR,2022-06-15 22:42:47
116,Kwinana,-32.25,115.7667,50.29,79,18,9.53,AU,2022-06-15 22:40:50
117,Cortez,37.3489,-108.5859,83.16,5,0,12.48,US,2022-06-15 22:42:48
118,Dumas,35.8656,-101.9732,88.61,23,0,5.75,US,2022-06-15 22:42:48
119,Yar-Sale,66.8333,70.8333,55.24,57,6,13.76,RU,2022-06-15 22:42:48
120,Luanda,-8.8368,13.2343,71.6,83,75,6.91,AO,2022-06-15 22:38:59
121,Lebu,-37.6167,-73.65,50.94,87,87,6.69,CL,2022-06-15 22:42:48
122,Guerrero Negro,27.9769,-114.0611,72.48,52,0,17.81,MX,2022-06-15 22:42:49
123,Shelburne,44.0787,-80.2041,84.99,79,100,6.42,CA,2022-06-15 22:42:49
124,Olafsvik,64.8945,-23.7142,48.31,73,41,15.3,IS,2022-06-15 22:42:49
125,Fortuna,40.5982,-124.1573,65.93,72,0,14.97,US,2022-06-15 22:42:50
126,Severo-Kurilsk,50.6789,156.125,48.22,79,87,10.74,RU,2022-06-15 22:42:50
127,Vaini,-21.2,-175.2,78.96,73,75,8.05,TO,2022-06-15 22:42:50
128,Martapura,-3.4167,114.85,73.49,100,67,3.44,ID,2022-06-15 22:42:51
129,Arraial Do Cabo,-22.9661,-42.0278,64.26,72,0,4.61,BR,2022-06-15 22:42:51
130,Westport,41.1415,-73.3579,77.27,76,40,9.22,US,2022-06-15 22:41:50
131,Meulaboh,4.1363,96.1285,75.83,83,100,3.31,ID,2022-06-15 22:42:51
132,Fort Nelson,58.8053,-122.7002,71.19,33,75,4.61,CA,2022-06-15 22:42:52
133,Kenscoff,18.4506,-72.2869,73.54,58,40,11.5,HT,2022-06-15 22:42:52
134,Naze,28.3667,129.4833,72.52,91,100,9.53,JP,2022-06-15 22:42:52
135,Taoudenni,22.6783,-3.9836,96.17,8,0,1.86,ML,2022-06-15 22:42:53
136,San Vicente,-26.6167,-54.1333,53.64,95,0,2.93,AR,2022-06-15 22:43:53
137,Adrar,20.5022,-10.0711,93.72,15,17,7.16,MR,2022-06-15 22:43:53
138,San Lucas Sacatepequez,14.6097,-90.6569,64.83,56,75,18.41,GT,2022-06-15 22:43:53
139,Kalanguy,51.0167,116.5167,60.98,71,0,6.53,RU,2022-06-15 22:43:54
140,Anamur,36.0751,32.8369,76.55,59,0,7.7,TR,2022-06-15 22:43:54
141,Dingle,10.9995,122.6711,80.67,83,69,4.0,PH,2022-06-15 22:43:54
142,Banyo,6.75,11.8167,64.04,92,15,2.19,CM,2022-06-15 22:43:55
143,Hobart,-42.8794,147.3294,42.66,100,75,2.3,AU,2022-06-15 22:40:19
144,Hamilton,39.1834,-84.5333,93.65,58,0,12.66,US,2022-06-15 22:43:31
145,Kloulklubed,7.0419,134.2556,77.5,75,60,10.33,PW,2022-06-15 22:43:55
146,Lompoc,34.6391,-120.4579,90.7,55,0,14.97,US,2022-06-15 22:40:32
147,Viedma,-40.8135,-62.9967,46.47,88,79,4.56,AR,2022-06-15 22:43:55
148,Port Blair,11.6667,92.75,80.98,81,58,6.82,IN,2022-06-15 22:43:56
149,Kendari,-3.945,122.4989,75.31,93,99,1.63,ID,2022-06-15 22:43:56
150,Mount Gambier,-37.8333,140.7667,51.71,100,100,6.91,AU,2022-06-15 22:43:52
151,Linxia,35.6003,103.2064,58.75,51,89,3.74,CN,2022-06-15 22:39:08
152,Talnakh,69.4865,88.3972,65.21,51,77,6.58,RU,2022-06-15 22:43:57
153,Loreto,22.2667,-101.9667,71.76,45,70,25.79,MX,2022-06-15 22:43:57
154,Limerick,52.6647,-8.6231,58.95,88,87,1.59,IE,2022-06-15 22:43:57
155,Chandauli,25.2667,83.2667,88.3,51,69,10.87,IN,2022-06-15 22:43:57
156,Kahului,20.8947,-156.47,84.22,58,40,21.85,US,2022-06-15 22:42:25
157,Kingisepp,59.3733,28.6134,53.67,85,77,9.46,RU,2022-06-15 22:43:58
158,Ahipara,-35.1667,173.1667,61.0,59,50,7.72,NZ,2022-06-15 22:43:58
159,Kortkeros,61.8106,51.5806,60.8,95,100,5.35,RU,2022-06-15 22:43:58
160,Chuy,-33.6971,-53.4616,54.27,76,94,5.68,UY,2022-06-15 22:43:59
161,Havoysund,70.9963,24.6622,41.23,87,100,13.29,NO,2022-06-15 22:43:59
162,Aykhal,66.0,111.5,58.39,66,60,14.0,RU,2022-06-15 22:43:59
163,Sivaki,52.6333,126.75,63.86,72,96,6.58,RU,2022-06-15 22:44:00
164,Nhulunbuy,-12.2333,136.7667,79.41,78,40,11.5,AU,2022-06-15 22:44:00
165,Boyuibe,-20.4167,-63.2833,60.66,60,0,3.51,BO,2022-06-15 22:44:00
166,Tiksi,71.6872,128.8694,36.79,75,47,13.51,RU,2022-06-15 22:44:01
167,Tuatapere,-46.1333,167.6833,48.11,90,90,7.7,NZ,2022-06-15 22:44:01
168,Alice Springs,-23.7,133.8833,44.15,87,14,4.61,AU,2022-06-15 22:44:01
169,Chivilcoy,-34.8957,-60.0167,53.35,66,74,5.06,AR,2022-06-15 22:43:21
170,Hualmay,-11.0964,-77.6139,63.18,75,6,13.42,PE,2022-06-15 22:44:02
171,Cherskiy,68.75,161.3,60.85,24,4,9.98,RU,2022-06-15 22:44:02
172,Peruibe,-24.32,-46.9983,62.17,91,73,1.9,BR,2022-06-15 22:44:02
173,Tuktoyaktuk,69.4541,-133.0374,46.4,61,20,13.8,CA,2022-06-15 22:44:02
174,Rio Gallegos,-51.6226,-69.2181,39.25,65,0,9.22,AR,2022-06-15 22:44:03
175,Upernavik,72.7868,-56.1549,32.49,70,100,7.18,GL,2022-06-15 22:44:03
176,Port-Cartier,50.0334,-66.8654,73.62,60,15,10.98,CA,2022-06-15 22:44:03
177,Santa Cruz,-17.8,-63.1667,75.25,50,0,13.8,BO,2022-06-15 22:42:19
178,Christchurch,-43.5333,172.6333,54.41,88,22,4.61,NZ,2022-06-15 22:41:06
179,Virden,39.5009,-89.7679,94.82,66,95,14.74,US,2022-06-15 22:44:04
180,Kudahuvadhoo,2.6708,72.8944,83.52,72,66,12.1,MV,2022-06-15 22:39:37
181,Aksu,41.1231,80.2644,76.3,25,59,6.22,CN,2022-06-15 22:44:04
182,Saldanha,-33.0117,17.9442,44.65,71,19,8.86,ZA,2022-06-15 22:44:05
183,Pontianak,-0.0333,109.3333,75.18,100,40,0.0,ID,2022-06-15 22:44:05
184,Te Anau,-45.4167,167.7167,46.58,90,95,5.86,NZ,2022-06-15 22:45:05
185,Nuuk,64.1835,-51.7216,45.21,57,0,5.75,GL,2022-06-15 22:44:51
186,Svetlyy,54.675,20.1347,51.96,88,82,4.34,RU,2022-06-15 22:45:06
187,Kaitangata,-46.2817,169.8464,49.93,77,84,15.28,NZ,2022-06-15 22:45:06
188,Dakar,14.6937,-17.4441,77.88,88,64,15.12,SN,2022-06-15 22:41:03
189,Saint Pete Beach,27.7253,-82.7412,93.25,60,0,11.5,US,2022-06-15 22:45:06
190,Oum Hadjer,13.2954,19.6966,91.4,34,90,6.46,TD,2022-06-15 22:45:07
191,Marawi,7.9986,124.2928,71.01,84,44,1.36,PH,2022-06-15 22:45:07
192,Tarnogskiy Gorodok,60.4997,43.5761,50.05,94,4,6.58,RU,2022-06-15 22:45:07
193,Coruripe,-10.1256,-36.1756,74.71,81,97,15.1,BR,2022-06-15 22:45:08
194,San Fernando,15.0286,120.6898,85.73,78,97,2.28,PH,2022-06-15 22:45:08
195,Sungai Besar,3.6746,100.9867,75.85,91,97,6.08,MY,2022-06-15 22:45:08
196,Severodvinsk,64.5635,39.8302,59.11,99,83,6.55,RU,2022-06-15 22:45:08
197,Puerto Vallarta,20.6204,-105.2307,84.9,70,100,7.0,MX,2022-06-15 22:44:47
198,Norman Wells,65.282,-126.8329,59.04,51,75,5.75,CA,2022-06-15 22:45:09
199,Vysokovsk,56.3167,36.55,52.59,82,33,10.71,RU,2022-06-15 22:45:09
200,Mar Del Plata,-38.0023,-57.5575,51.1,92,82,0.0,AR,2022-06-15 22:42:26
201,Chokurdakh,70.6333,147.9167,66.11,29,88,6.51,RU,2022-06-15 22:45:09
202,Tsabong,-26.0217,22.401,45.43,52,1,7.63,BW,2022-06-15 22:45:10
203,Khuzhir,53.1939,107.3397,50.45,76,27,0.83,RU,2022-06-15 22:45:10
204,Yellowknife,62.456,-114.3525,64.92,45,75,8.05,CA,2022-06-15 22:42:33
205,Longyearbyen,78.2186,15.6401,39.04,75,75,9.22,SJ,2022-06-15 22:45:10
206,Mugumu,-1.85,34.7,62.29,86,94,3.38,TZ,2022-06-15 22:45:11
207,Wuchi,29.3786,103.023,56.23,86,95,2.13,CN,2022-06-15 22:45:11
208,Gat,31.61,34.7642,74.8,100,0,4.74,IL,2022-06-15 22:45:11
209,Kunashak,55.7032,61.5498,59.52,91,34,7.16,RU,2022-06-15 22:45:12
210,Veraval,20.9,70.3667,84.88,75,56,13.89,IN,2022-06-15 22:45:12
211,Santa Marta,11.2408,-74.199,77.05,94,75,6.91,CO,2022-06-15 22:40:16
212,Cabadiangan,9.7531,122.4739,81.14,82,75,3.44,PH,2022-06-15 22:45:13
213,Ambon,-3.6954,128.1814,76.23,16,40,2.3,ID,2022-06-15 22:42:10
214,Lavrentiya,65.5833,-171.0,39.11,97,100,16.02,RU,2022-06-15 22:45:13
215,Clyde,41.3042,-82.9752,92.82,67,39,12.39,US,2022-06-15 22:45:13
216,Amadora,38.7538,-9.2308,65.19,78,20,9.22,PT,2022-06-15 22:45:14
217,Vila Velha,-20.3297,-40.2925,71.55,82,75,5.75,BR,2022-06-15 22:45:14
218,Casino,-28.8667,153.05,62.78,72,0,3.71,AU,2022-06-15 22:45:14
219,Fare,-16.7,-151.0167,80.42,71,4,16.37,PF,2022-06-15 22:45:15
220,Moree,-29.4667,149.85,56.16,71,0,0.58,AU,2022-06-15 22:45:15
221,Khasan,42.4308,130.6434,56.89,91,100,2.89,RU,2022-06-15 22:45:15
222,Shimorskoye,55.3244,42.0267,52.88,90,100,6.51,RU,2022-06-15 22:45:16
223,Newton,42.337,-71.2092,74.7,51,20,11.5,US,2022-06-15 22:41:59
224,Touros,-5.1989,-35.4608,75.24,79,14,9.91,BR,2022-06-15 22:45:16
225,Moroni,-11.7022,43.2551,76.03,81,3,1.5,KM,2022-06-15 22:45:16
226,Senno,59.5336,33.9167,53.26,98,83,11.25,RU,2022-06-15 22:45:17
227,Carson City,39.1638,-119.7674,90.73,15,0,18.41,US,2022-06-15 22:45:07
228,Aldan,58.6031,125.3894,58.3,61,7,3.56,RU,2022-06-15 22:46:17
229,Leningradskiy,69.3833,178.4167,40.37,75,86,10.89,RU,2022-06-15 22:45:40
230,Aklavik,68.2191,-135.0107,63.48,34,3,7.27,CA,2022-06-15 22:46:17
231,Moron,-34.6534,-58.6198,57.96,85,100,2.89,AR,2022-06-15 22:46:18
232,Vestmanna,62.1564,-7.1664,49.12,100,100,4.61,FO,2022-06-15 22:46:18
233,Iqaluit,63.7506,-68.5145,53.33,66,100,16.11,CA,2022-06-15 22:44:56
234,Montepuez,-13.1256,38.9997,65.52,84,53,2.62,MZ,2022-06-15 22:46:19
235,Amasya,40.6667,35.8333,60.48,90,0,3.67,TR,2022-06-15 22:46:19
236,Khor,47.8861,134.9464,65.66,74,56,4.41,RU,2022-06-15 22:46:19
237,Kenai,60.5544,-151.2583,66.02,64,0,12.66,US,2022-06-15 22:46:20
238,Pecos,31.4229,-103.4932,102.29,17,40,11.5,US,2022-06-15 22:46:20
239,Birao,10.2849,22.7882,72.63,84,100,10.38,CF,2022-06-15 22:46:20
240,Sao Joao Da Barra,-21.6403,-41.0511,67.57,75,99,7.47,BR,2022-06-15 22:46:21
241,Ilulissat,69.2167,-51.1,37.42,70,7,9.22,GL,2022-06-15 22:46:21
242,Kailua,21.4022,-157.7394,84.15,71,0,16.11,US,2022-06-15 22:46:21
243,Kirakira,-10.4544,161.9205,82.72,76,77,9.26,SB,2022-06-15 22:46:21
244,Cockburn Town,21.4612,-71.1419,81.39,84,8,17.83,TC,2022-06-15 22:46:22
245,Dodge City,37.7528,-100.0171,89.24,38,0,6.91,US,2022-06-15 22:46:22
246,Petropavlovsk-Kamchatskiy,53.0452,158.6483,48.79,76,75,8.95,RU,2022-06-15 22:46:22
247,High Level,58.5169,-117.136,75.31,27,75,11.5,CA,2022-06-15 22:46:23
248,Palana,59.1167,159.9667,46.62,69,100,2.37,RU,2022-06-15 22:46:23
249,Ishigaki,24.3448,124.1572,80.73,94,75,10.36,JP,2022-06-15 22:46:23
250,Tazovskiy,67.4667,78.7,52.99,91,100,10.83,RU,2022-06-15 22:46:24
251,Carballo,43.213,-8.691,67.42,89,100,1.28,ES,2022-06-15 22:46:24
252,Teahupoo,-17.8333,-149.2667,78.76,79,34,19.62,PF,2022-06-15 22:46:24
253,Trelew,-43.249,-65.3051,48.33,70,21,7.61,AR,2022-06-15 22:46:24
254,Surt,31.2089,16.5887,73.92,76,0,8.68,LY,2022-06-15 22:46:25
255,Krasnyy Chikoy,50.3643,108.7512,65.68,70,96,0.65,RU,2022-06-15 22:46:25
256,Tautira,-17.7333,-149.15,78.85,79,31,19.01,PF,2022-06-15 22:46:25
257,Skibbereen,51.55,-9.2667,55.11,93,76,6.44,IE,2022-06-15 22:46:26
258,Gornopravdinsk,60.05,69.9,52.38,83,95,6.62,RU,2022-06-15 22:45:56
259,Motygino,58.1831,94.7592,61.07,95,39,2.46,RU,2022-06-15 22:46:26
260,Puerto Madero,14.7208,-92.4215,78.37,85,100,0.74,MX,2022-06-15 22:46:26
261,Kidodi,-7.6036,37.0044,66.72,86,0,2.15,TZ,2022-06-15 22:46:27
262,Airai,-8.9266,125.4092,60.75,86,99,4.41,TL,2022-06-15 22:42:55
263,Beloha,-25.1667,45.05,66.27,69,46,6.64,MG,2022-06-15 22:46:27
264,Thompson,55.7435,-97.8558,71.76,30,40,12.66,CA,2022-06-15 22:46:27
265,Yangambi,0.8102,24.4336,69.75,96,85,1.34,CD,2022-06-15 22:46:28
266,Los Llanos De Aridane,28.6585,-17.9182,65.95,90,0,16.11,ES,2022-06-15 22:46:28
267,Tadine,-21.55,167.8833,75.29,84,39,17.07,NC,2022-06-15 22:46:28
268,Laem Sing,12.4816,102.0738,85.14,100,99,4.9,TH,2022-06-15 22:46:28
269,Ancud,-41.8697,-73.8203,46.22,88,39,3.62,CL,2022-06-15 22:46:29
270,Clyde River,70.4692,-68.5914,34.03,93,100,29.93,CA,2022-06-15 22:46:29
271,Nome,64.5011,-165.4064,46.17,81,100,13.8,US,2022-06-15 22:46:29
272,Sistranda,63.7256,8.834,51.76,95,100,9.69,NO,2022-06-15 22:47:30
273,Cabo San Lucas,22.8909,-109.9124,96.62,62,9,12.82,MX,2022-06-15 22:44:08
274,Katsuura,35.1333,140.3,68.22,89,100,3.29,JP,2022-06-15 22:47:30
275,Bowen,-20.0167,148.2333,69.82,71,27,8.05,AU,2022-06-15 22:47:30
276,Hasaki,35.7333,140.8333,68.29,88,100,3.31,JP,2022-06-15 22:47:31
277,Sinnamary,5.3833,-52.95,77.25,85,39,8.21,GF,2022-06-15 22:47:31
278,Warri,5.5167,5.75,74.44,96,48,3.87,NG,2022-06-15 22:47:31
279,Poenari,45.3167,24.65,51.98,88,16,4.29,RO,2022-06-15 22:47:32
280,Laguna,38.421,-121.4238,99.75,15,0,6.91,US,2022-06-15 22:45:36
281,Neryungri,56.6709,124.6491,59.32,55,11,5.21,RU,2022-06-15 22:47:32
282,Kalmanka,52.8992,83.5433,57.29,91,99,6.17,RU,2022-06-15 22:47:32
283,Naryan-Mar,67.6713,53.087,44.04,81,54,7.18,RU,2022-06-15 22:47:33
284,Kholtoson,50.2981,103.3097,57.02,98,100,1.03,RU,2022-06-15 22:47:33
285,Tera,14.0078,0.7531,91.9,40,96,12.1,NE,2022-06-15 22:47:33
286,Acari,-15.4311,-74.6158,63.39,76,30,4.59,PE,2022-06-15 22:47:34
287,La Rioja,42.25,-2.5,65.98,39,91,3.22,ES,2022-06-15 22:47:34
288,Broome,42.2506,-75.833,84.65,47,0,5.75,US,2022-06-15 22:47:34
289,Ardahan,41.1087,42.7022,46.26,94,83,3.78,TR,2022-06-15 22:47:34
290,Vrangel,42.7297,133.0839,55.62,94,100,3.85,RU,2022-06-15 22:47:35
291,Kruisfontein,-34.0033,24.7314,46.89,80,60,10.6,ZA,2022-06-15 22:47:35
292,Turukhansk,65.8167,87.9833,64.81,77,100,9.15,RU,2022-06-15 22:47:35
293,Khilok,51.3674,110.4676,65.26,51,57,1.01,RU,2022-06-15 22:47:36
294,Barcelona,41.3888,2.159,79.63,79,20,2.3,ES,2022-06-15 22:47:36
295,Pazaric,43.7886,18.1608,57.42,77,0,3.44,BA,2022-06-15 22:47:36
296,Lata,40.1629,-8.3327,63.66,97,40,3.29,PT,2022-06-15 22:47:36
297,Mollendo,-17.0231,-72.0147,60.75,80,78,4.99,PE,2022-06-15 22:47:37
298,Rorvik,64.8621,11.2373,50.81,94,100,9.71,NO,2022-06-15 22:47:37
299,Chara,56.9064,118.2631,63.12,49,100,1.32,RU,2022-06-15 22:47:37
300,Wuning,29.2589,120.2311,73.15,86,92,1.61,CN,2022-06-15 22:47:38
301,San Juan De Los Morros,9.9115,-67.3538,74.32,82,76,1.92,VE,2022-06-15 22:47:38
302,Bubaque,11.2833,-15.8333,80.33,83,97,12.37,GW,2022-06-15 22:47:38
303,Puerto Madryn,-42.7692,-65.0385,50.18,69,98,7.99,AR,2022-06-15 22:46:32
304,Acapulco,16.8634,-99.8901,78.62,89,100,6.91,MX,2022-06-15 22:47:39
305,Tilichiki,60.4667,166.1,50.56,69,99,9.31,RU,2022-06-15 22:47:39
306,Tucuman,-26.8241,-65.2226,55.4,58,61,3.44,AR,2022-06-15 22:45:00
307,Shahganj,26.05,82.6833,91.06,48,80,13.15,IN,2022-06-15 22:47:39
308,Klaksvik,62.2266,-6.589,50.92,98,100,9.19,FO,2022-06-15 22:47:40
309,Katobu,-4.9408,122.5276,74.1,97,100,3.53,ID,2022-06-15 22:47:40
310,Komsomolskiy,40.4272,71.7189,75.92,41,98,4.61,UZ,2022-06-15 22:47:40
311,Moa,20.6569,-74.9403,80.96,82,34,8.41,CU,2022-06-15 22:47:41
312,Mount Isa,-20.7333,139.5,60.57,51,10,0.0,AU,2022-06-15 22:44:28
313,Fort-Shevchenko,44.5086,50.263,78.4,53,84,10.47,KZ,2022-06-15 22:47:41
314,Lollar,50.6465,8.705,69.4,87,14,5.3,DE,2022-06-15 22:47:41
315,Macusani,-14.0833,-70.4333,32.76,83,12,5.97,PE,2022-06-15 22:47:42
316,Vila Franca Do Campo,37.7167,-25.4333,66.2,90,46,7.72,PT,2022-06-15 22:47:42
317,Esperance,-33.8667,121.9,54.7,71,0,9.22,AU,2022-06-15 22:48:42
318,Lebedyn,50.5852,34.4849,50.85,90,2,6.38,UA,2022-06-15 22:48:43
319,Ossora,59.2353,163.0719,53.08,71,100,12.86,RU,2022-06-15 22:48:43
320,Dahod,22.8333,74.2667,80.47,75,75,15.7,IN,2022-06-15 22:48:43
321,Riachao Das Neves,-11.7461,-44.91,73.78,46,14,2.75,BR,2022-06-15 22:48:44
322,Pahalgam,34.0333,75.3333,54.59,67,47,3.94,IN,2022-06-15 22:48:44
323,Pundaguitan,6.3711,126.1689,81.99,76,81,10.76,PH,2022-06-15 22:48:44
324,Menongue,-14.6585,17.691,52.83,46,39,3.98,AO,2022-06-15 22:48:44
325,Monteagudo,-19.8167,-63.9833,58.55,61,0,3.02,BO,2022-06-15 22:48:45
326,Prado,-17.3411,-39.2208,69.84,74,89,7.43,BR,2022-06-15 22:48:45
327,Saint George,37.1041,-113.5841,97.43,7,0,5.01,US,2022-06-15 22:44:44
328,Itarema,-2.9248,-39.9167,77.11,79,72,11.86,BR,2022-06-15 22:48:45
329,Nicoya,10.1483,-85.452,73.49,95,100,2.08,CR,2022-06-15 22:48:46
330,Lazaro Cardenas,17.9583,-102.2,82.0,74,100,3.69,MX,2022-06-15 22:45:46
331,Yenagoa,4.9247,6.2642,74.53,95,57,4.21,NG,2022-06-15 22:46:51
332,Sangin,32.0728,64.8359,85.55,15,0,10.02,AF,2022-06-15 22:48:46
333,Gizo,-8.103,156.8419,83.43,72,63,8.05,SB,2022-06-15 22:48:46
334,Gimli,50.6336,-96.9907,71.62,43,6,18.41,CA,2022-06-15 22:48:47
335,Qui Nhon,13.7667,109.2333,78.66,87,95,3.58,VN,2022-06-15 22:48:47
336,Oelde,51.8167,8.15,62.89,90,62,6.91,DE,2022-06-15 22:48:47
337,Orai,25.9833,79.4667,89.94,49,49,15.14,IN,2022-06-15 22:48:48
338,Eureka,40.8021,-124.1637,74.68,69,61,8.01,US,2022-06-15 22:45:13
339,Ihosy,-22.4,46.1167,59.23,86,12,0.78,MG,2022-06-15 22:48:48
340,Muros,42.7762,-9.0603,68.09,74,97,7.85,ES,2022-06-15 22:48:48
341,San Patricio,28.017,-97.5169,92.16,52,77,19.64,US,2022-06-15 22:48:49
342,Fram,-26.9833,-55.8833,66.79,90,0,5.26,PY,2022-06-15 22:48:49
343,Salo,45.6086,10.531,77.09,84,44,2.89,IT,2022-06-15 22:48:49
344,Kavieng,-2.5744,150.7967,84.09,70,29,13.2,PG,2022-06-15 22:48:50
345,San Carlos De Bariloche,-41.1456,-71.3082,35.35,87,20,4.61,AR,2022-06-15 22:48:50
346,Waipawa,-41.4122,175.5153,55.11,62,96,16.71,NZ,2022-06-15 22:48:50
347,Namie,37.4833,141.0,72.72,81,98,1.52,JP,2022-06-15 22:48:50
348,Yerbogachen,61.2767,108.0108,63.88,75,38,1.43,RU,2022-06-15 22:48:51
349,Port Elizabeth,-33.918,25.5701,49.1,88,20,10.36,ZA,2022-06-15 22:44:35
350,San Quintin,30.4833,-115.95,69.28,59,1,8.25,MX,2022-06-15 22:45:09
351,Paita,-5.0892,-81.1144,66.76,74,0,19.33,PE,2022-06-15 22:48:51
352,Igarka,67.4667,86.5833,64.4,67,99,9.66,RU,2022-06-15 22:48:52
353,Tual,-5.6667,132.75,82.76,78,88,20.76,ID,2022-06-15 22:47:38
354,Klyuchi,52.2667,79.1667,56.61,75,46,7.11,RU,2022-06-15 22:48:52
355,Medea,36.2642,2.7539,77.23,29,100,1.81,DZ,2022-06-15 22:48:52
356,Hovd,48.0056,91.6419,65.84,48,40,2.21,MN,2022-06-15 22:48:53
357,Salalah,17.0151,54.0924,84.29,84,75,11.5,OM,2022-06-15 22:48:53
358,Dharchula,29.85,80.5333,70.83,68,41,4.27,IN,2022-06-15 22:48:53
359,Darhan,49.4867,105.9228,65.82,80,100,2.28,MN,2022-06-15 22:48:54
360,Preobrazheniye,42.9019,133.9064,54.66,93,100,2.98,RU,2022-06-15 22:48:54
361,San Felipe,10.3399,-68.7425,77.47,72,67,2.39,VE,2022-06-15 22:48:54
362,Khani,41.9563,42.9566,56.77,97,89,1.81,GE,2022-06-15 22:48:54
363,Poum,-20.2333,164.0167,78.71,77,4,17.54,NC,2022-06-15 22:49:55
364,Jizan,17.3333,42.6667,92.34,71,98,4.09,SA,2022-06-15 22:49:55
365,Narsaq,60.9167,-46.05,52.02,67,11,4.23,GL,2022-06-15 22:49:55
366,Churapcha,62.0025,132.4325,59.5,80,91,3.78,RU,2022-06-15 22:49:56
367,Bilma,18.6853,12.9164,90.48,31,61,6.13,NE,2022-06-15 22:49:56
368,Berkak,62.825,10.0118,48.78,94,100,2.95,NO,2022-06-15 22:49:56
369,Lashio,22.9333,97.75,67.23,100,100,1.86,MM,2022-06-15 22:49:56
370,Beringovskiy,63.05,179.3167,44.71,79,100,19.13,RU,2022-06-15 22:49:57
371,Vysokaya Gora,55.9128,49.3017,62.78,94,78,6.04,RU,2022-06-15 22:49:57
372,Pacet,-8.0786,111.8818,74.41,93,90,0.31,ID,2022-06-15 22:49:57
373,Brunswick,41.2381,-81.8418,93.42,55,0,14.97,US,2022-06-15 22:49:58
374,Mlonggo,-6.5333,110.7,77.88,86,100,5.23,ID,2022-06-15 22:49:58
375,Itoman,26.1247,127.6694,77.02,94,100,19.57,JP,2022-06-15 22:49:58
376,Jogeva,58.7467,26.3939,49.89,81,0,9.42,EE,2022-06-15 22:49:59
377,Omboue,-1.5746,9.2618,73.26,87,38,6.93,GA,2022-06-15 22:49:59
378,Zhezkazgan,47.8043,67.7144,60.87,53,2,7.34,KZ,2022-06-15 22:49:59
379,Saquena,-4.6667,-73.5167,73.65,81,61,2.71,PE,2022-06-15 22:49:59
380,Isangel,-19.55,169.2667,78.93,80,11,17.13,VU,2022-06-15 22:50:00
381,Chiredzi,-21.05,31.6667,59.97,45,3,5.46,ZW,2022-06-15 22:50:00
382,Ponta Do Sol,32.6667,-17.1,68.63,72,38,11.5,PT,2022-06-15 22:50:00
383,Ekpoma,6.7421,6.139,69.84,99,19,3.74,NG,2022-06-15 22:50:01
384,Nelson Bay,-32.7167,152.15,56.1,73,1,1.99,AU,2022-06-15 22:50:01
385,Acajutla,13.5928,-89.8275,79.56,76,100,11.65,SV,2022-06-15 22:50:01
386,Mocuba,-16.8392,36.9856,64.2,83,0,4.41,MZ,2022-06-15 22:50:02
387,Yulara,-25.2406,130.9889,55.36,55,7,6.29,AU,2022-06-15 22:50:02
388,Dong Hoi,17.4833,106.6,79.68,81,100,5.97,VN,2022-06-15 22:50:03
389,Moindou,-21.6924,165.677,77.47,74,21,5.01,NC,2022-06-15 22:46:39
390,Hirara,24.8,125.2833,80.87,94,75,8.05,JP,2022-06-15 22:50:03
391,Krasnyy Yar,46.5331,48.3456,75.13,30,96,9.01,RU,2022-06-15 22:50:03
392,Marsh Harbour,26.5412,-77.0636,81.93,71,100,7.09,BS,2022-06-15 22:50:04
393,Basco,20.4487,121.9702,84.9,75,99,7.29,PH,2022-06-15 22:50:04
394,Araouane,18.9048,-3.5265,93.29,21,17,5.17,ML,2022-06-15 22:50:04
395,Traverse City,44.7631,-85.6206,91.47,54,20,11.5,US,2022-06-15 22:49:04
396,Berdigestyakh,62.0989,126.6992,66.69,51,75,6.38,RU,2022-06-15 22:50:05
397,Sorland,67.667,12.6934,44.46,83,18,3.51,NO,2022-06-15 22:50:05
398,Rabo De Peixe,37.8,-25.5833,65.28,91,40,9.22,PT,2022-06-15 22:50:05
399,Xichang,27.8964,102.2634,60.73,93,92,1.72,CN,2022-06-15 22:50:05
400,Havre,49.5833,0.3333,62.2,63,43,0.0,FR,2022-06-15 22:50:06
401,Guayaramerin,-10.8368,-65.3614,77.74,68,32,0.78,BO,2022-06-15 22:47:02
402,Puerto Leguizamo,-0.1934,-74.7819,75.74,78,87,2.01,CO,2022-06-15 22:50:06
403,Rawson,-43.3002,-65.1023,49.26,68,31,8.95,AR,2022-06-15 22:50:06
404,Turbat,26.0023,63.044,81.72,73,1,6.35,PK,2022-06-15 22:50:03
405,College,64.8569,-147.8028,72.0,52,75,8.05,US,2022-06-15 22:50:07
406,Cache Creek,50.8101,-121.3246,77.92,30,82,6.64,CA,2022-06-15 22:50:07
407,Palo Alto,37.4419,-122.143,90.3,47,0,18.41,US,2022-06-15 22:48:12
408,Slave Lake,55.2834,-114.769,66.18,55,75,17.27,CA,2022-06-15 22:45:16
409,Diamantina,-18.2494,-43.6003,54.99,73,91,4.32,BR,2022-06-15 22:50:08
410,Kiama,-34.6833,150.8667,61.57,66,69,5.88,AU,2022-06-15 22:51:08
411,Mitsamiouli,-11.3847,43.2844,77.77,78,2,8.5,KM,2022-06-15 22:49:56
412,Qaqortoq,60.7167,-46.0333,40.3,74,10,5.53,GL,2022-06-15 22:51:08
413,Mahebourg,-20.4081,57.7,74.25,78,75,17.27,MU,2022-06-15 22:51:09
414,Havre-Saint-Pierre,50.2334,-63.5986,66.56,55,0,13.8,CA,2022-06-15 22:51:09
415,Haifa,32.8156,34.9892,73.17,83,1,9.37,IL,2022-06-15 22:51:09
416,Lichinga,-13.3128,35.2406,59.09,94,0,3.44,MZ,2022-06-15 22:51:10
417,Manavalakurichi,8.1333,77.3,79.43,81,100,13.62,IN,2022-06-15 22:51:10
418,Antalaha,-14.9003,50.2788,69.6,90,26,5.21,MG,2022-06-15 22:51:10
419,Ayan,56.45,138.1667,43.39,91,95,1.52,RU,2022-06-15 22:48:07
420,Whitianga,-36.8333,175.7,59.31,63,59,11.79,NZ,2022-06-15 22:51:11
421,Korla,41.7597,86.1469,81.46,20,75,11.95,CN,2022-06-15 22:51:11
422,Oyem,1.5995,11.5793,67.17,98,96,1.81,GA,2022-06-15 22:51:11
423,Riyadh,24.6877,46.7219,87.94,17,0,3.15,SA,2022-06-15 22:47:06
424,Crnomelj,45.5711,15.1889,64.4,92,48,2.77,SI,2022-06-15 22:51:12
425,Coolum Beach,-26.5333,153.1,62.22,94,77,3.78,AU,2022-06-15 22:48:09
426,Tiznit,29.5833,-9.5,66.24,78,58,2.86,MA,2022-06-15 22:51:12
427,Marrakesh,31.6315,-8.0083,73.47,68,40,4.61,MA,2022-06-15 22:48:24
428,Nantucket,41.2835,-70.0995,69.94,60,0,12.66,US,2022-06-15 22:48:52
429,Uray,60.1247,64.7758,54.64,71,15,5.14,RU,2022-06-15 22:51:12
430,Kemijarvi,66.7131,27.4306,44.06,97,100,12.26,FI,2022-06-15 22:51:13
431,Zhigansk,66.7697,123.3711,50.99,64,4,18.07,RU,2022-06-15 22:51:13
432,Lujan,-34.5703,-59.105,56.95,92,100,4.29,AR,2022-06-15 22:51:13
433,Springbok,-29.6643,17.8865,44.96,48,45,13.22,ZA,2022-06-15 22:51:14
434,Sisimiut,66.9395,-53.6735,38.75,63,79,3.98,GL,2022-06-15 22:51:14
435,Matara,5.9485,80.5353,78.12,86,100,11.95,LK,2022-06-15 22:51:14
436,Lithakia,37.7167,20.8333,69.17,74,94,8.05,GR,2022-06-15 22:49:07
437,Vanimo,-2.6741,141.3028,81.27,76,57,6.38,PG,2022-06-15 22:51:15
438,Victoria Point,-27.5833,153.3,62.94,90,11,4.0,AU,2022-06-15 22:51:15
439,Myaundzha,63.0494,147.1858,51.21,63,93,3.51,RU,2022-06-15 22:51:15
440,Maldonado,-34.6667,-54.9167,55.22,89,98,4.65,UY,2022-06-15 22:51:16
441,Solnechnyy,50.7214,136.6319,70.83,52,7,3.18,RU,2022-06-15 22:51:16
442,Yaring,6.8662,101.3689,78.3,84,100,3.98,TH,2022-06-15 22:51:16
443,Caravelas,-17.7125,-39.2481,71.29,65,68,8.21,BR,2022-06-15 22:46:17
444,Bako,5.7833,36.5667,60.96,87,100,5.59,ET,2022-06-15 22:51:17
445,La Ronge,55.1001,-105.2842,61.05,63,75,5.75,CA,2022-06-15 22:51:17
446,Carlagan,14.975,122.0456,83.39,77,88,1.92,PH,2022-06-15 22:51:17
447,Iracoubo,5.4802,-53.2011,77.07,86,42,8.16,GF,2022-06-15 22:51:17
448,Saint Anthony,45.0205,-93.218,75.25,66,20,5.75,US,2022-06-15 22:51:18
449,Olden,61.8364,6.8064,54.1,97,100,3.8,NO,2022-06-15 22:51:18
450,Buala,-8.145,159.5921,82.27,77,96,9.8,SB,2022-06-15 22:51:18
451,Banda Aceh,5.5577,95.3222,78.49,76,100,6.4,ID,2022-06-15 22:51:19
452,Takaka,-40.85,172.8,54.55,64,58,7.96,NZ,2022-06-15 22:51:19
453,Urdaneta,15.9761,120.5711,80.49,80,67,2.84,PH,2022-06-15 22:51:19
454,Sitka,57.0531,-135.33,62.49,51,0,8.05,US,2022-06-15 22:51:19
455,Pedernales,18.0384,-71.744,84.47,64,100,13.49,DO,2022-06-15 22:51:20
456,Mackay,-21.15,149.2,69.67,78,40,11.43,AU,2022-06-15 22:51:20
457,Shizunai,42.3339,142.3669,57.78,99,100,11.86,JP,2022-06-15 22:51:20
458,Gemena,3.25,19.7667,71.82,91,97,1.01,CD,2022-06-15 22:51:21
459,Mortka,59.3322,66.0214,52.11,84,14,5.26,RU,2022-06-15 22:51:21
460,Karratha,-20.7377,116.8463,71.08,53,32,8.95,AU,2022-06-15 22:52:21
461,Bosaso,11.2842,49.1816,92.3,41,44,17.63,SO,2022-06-15 22:52:22
462,Taywarah,33.35,64.4167,53.64,36,0,4.16,AF,2022-06-15 22:52:22
463,Wajima,37.4,136.9,66.87,92,100,11.36,JP,2022-06-15 22:52:22
464,Bambanglipuro,-7.95,110.2833,75.2,88,59,3.31,ID,2022-06-15 22:52:23
465,Coos Bay,43.3665,-124.2179,63.99,86,40,13.8,US,2022-06-15 22:52:23
466,Hoi An,15.8794,108.335,76.96,86,100,5.86,VN,2022-06-15 22:52:23
467,Pitimbu,-7.4706,-34.8086,75.79,79,8,5.66,BR,2022-06-15 22:52:24
468,Atikokan,48.7555,-91.6216,58.98,93,100,7.27,CA,2022-06-15 22:52:24
469,Odessa,46.4775,30.7326,63.9,52,3,6.73,UA,2022-06-15 22:52:24
470,Havelock,34.8791,-76.9013,86.0,51,0,8.01,US,2022-06-15 22:52:24
471,Stornoway,58.2093,-6.3865,53.56,92,100,8.05,GB,2022-06-15 22:52:25
472,Cairns,-16.9167,145.7667,75.15,69,33,9.22,AU,2022-06-15 22:49:56
473,Kondinskoye,59.6481,67.41,53.01,87,73,7.31,RU,2022-06-15 22:52:25
474,Abalak,58.1286,68.5944,50.95,92,60,4.92,RU,2022-06-15 22:52:26
475,Cabedelo,-6.9811,-34.8339,75.87,79,8,7.49,BR,2022-06-15 22:52:26
476,Yarmouth,41.7057,-70.2286,70.27,70,0,10.0,US,2022-06-15 22:47:38
477,Kuala Kedah,6.1,100.3,75.18,100,20,2.3,MY,2022-06-15 22:52:26
478,Dubrovnik,42.6481,18.0922,76.64,41,0,3.44,HR,2022-06-15 22:52:27
479,Pekan,3.4836,103.3996,73.51,92,47,4.03,MY,2022-06-15 22:52:27
480,La Reforma,25.0833,-108.05,88.18,50,0,11.43,MX,2022-06-15 22:52:27
481,Byron Bay,-28.65,153.6167,63.95,67,0,3.47,AU,2022-06-15 22:52:27
482,Poronaysk,49.2167,143.1167,61.61,52,87,3.53,RU,2022-06-15 22:52:28
483,Mozarlandia,-14.7447,-50.5706,77.67,56,63,4.12,BR,2022-06-15 22:52:28
484,Albury,-36.0833,146.9167,52.32,100,100,4.61,AU,2022-06-15 22:52:28
485,Khash,28.2211,61.2158,80.85,24,26,1.5,IR,2022-06-15 22:52:29
486,San Cristobal,7.7669,-72.225,78.98,89,56,4.27,VE,2022-06-15 22:52:29
487,Baie-Comeau,49.2168,-68.1489,73.08,40,0,11.5,CA,2022-06-15 22:51:24
488,Padang,-0.9492,100.3543,75.16,85,100,4.83,ID,2022-06-15 22:52:29
489,Hoquiam,46.9809,-123.8893,62.58,71,100,4.61,US,2022-06-15 22:52:30
490,Totness,5.8833,-56.3167,77.38,86,23,11.05,SR,2022-06-15 22:52:30
491,Ostrovnoy,68.0531,39.5131,44.85,86,98,10.6,RU,2022-06-15 22:52:30
492,Sassandra,4.95,-6.0833,74.59,93,100,11.14,CI,2022-06-15 22:52:31
493,Troitskoye,52.9821,84.6757,56.35,97,100,9.64,RU,2022-06-15 22:52:31
494,Peleduy,59.6289,112.7406,67.84,53,15,2.77,RU,2022-06-15 22:52:31
495,Walcz,53.2779,16.4712,52.75,90,92,5.86,PL,2022-06-15 22:52:32
496,Jinka,5.65,36.65,60.3,90,100,4.18,ET,2022-06-15 22:52:32
497,San Luis,-33.295,-66.3356,46.83,44,1,7.87,AR,2022-06-15 22:52:32
498,Tongliao,43.6125,122.2653,68.83,67,9,8.7,CN,2022-06-15 22:52:33
499,Ouro Preto Do Oeste,-10.7481,-62.2158,78.58,68,78,0.65,BR,2022-06-15 22:52:33
500,Radzyn Podlaski,51.7833,22.6167,51.69,88,14,4.14,PL,2022-06-15 22:52:33
501,Sola,-13.8833,167.55,81.32,74,96,19.57,VU,2022-06-15 22:52:34
502,Ati,13.2154,18.3353,90.59,30,40,6.78,TD,2022-06-15 22:52:34
503,Teya,60.3778,92.6267,60.93,95,65,3.13,RU,2022-06-15 22:53:34
504,Port Lincoln,-34.7333,135.8667,55.99,78,56,5.44,AU,2022-06-15 22:53:34
505,Belmonte,-15.8631,-38.8828,70.47,76,16,8.12,BR,2022-06-15 22:52:13
506,Diban,35.0365,40.5167,83.44,32,0,8.81,SY,2022-06-15 22:53:35
507,Balakhninskiy,58.0106,114.2769,64.89,62,87,1.81,RU,2022-06-15 22:53:35
508,Grindavik,63.8424,-22.4338,49.95,81,75,17.27,IS,2022-06-15 22:53:35
509,Kavaratti,10.5669,72.642,82.9,77,100,16.82,IN,2022-06-15 22:53:36
510,Pakxan,18.3778,103.6601,74.46,95,100,1.68,LA,2022-06-15 22:49:44
511,Salinopolis,-0.6136,-47.3561,79.18,78,87,12.46,BR,2022-06-15 22:53:36
512,Zhicheng,30.2956,111.5047,78.03,71,88,1.32,CN,2022-06-15 22:53:36
513,Samarai,-10.6167,150.6667,82.63,79,75,10.4,PG,2022-06-15 22:53:37
514,Plettenberg Bay,-34.0527,23.3716,49.64,76,75,6.69,ZA,2022-06-15 22:53:37
515,Bangui,4.3612,18.555,77.18,88,20,0.0,CF,2022-06-15 22:53:37
516,Pervomayskoye,43.919,46.7102,70.86,61,100,6.71,RU,2022-06-15 22:53:38
517,Muisne,0.6,-80.0333,75.7,83,92,11.3,EC,2022-06-15 22:53:38
518,Asau,46.4333,26.4,58.28,88,19,3.22,RO,2022-06-15 22:53:38
519,Newport,51.5877,-2.9984,59.25,76,16,4.85,GB,2022-06-15 22:53:38
520,Progreso,21.2833,-89.6667,81.93,72,68,20.24,MX,2022-06-15 22:53:39
521,Sao Paulo De Olivenca,-3.3783,-68.8725,72.55,95,61,0.29,BR,2022-06-15 22:53:39
522,Port Macquarie,-31.4333,152.9167,54.9,64,0,3.6,AU,2022-06-15 22:53:39
523,Porbandar,21.6422,69.6093,84.78,76,16,14.52,IN,2022-06-15 22:53:40
524,Chanderi,24.7167,78.1333,82.92,64,83,15.26,IN,2022-06-15 22:53:40
525,Paamiut,61.994,-49.6678,36.99,86,8,18.59,GL,2022-06-15 22:53:40
526,Lagos,6.5833,3.75,79.12,91,83,4.05,NG,2022-06-15 22:50:04
527,Sobolevo,54.4299,31.8996,48.74,92,6,7.87,RU,2022-06-15 22:53:41
528,Hofn,64.2539,-15.2082,49.71,80,25,15.39,IS,2022-06-15 22:53:41
529,Tabuk,17.4189,121.4443,77.0,89,100,3.13,PH,2022-06-15 22:53:41
530,Machali,-34.1833,-70.6667,52.88,66,40,8.05,CL,2022-06-15 22:53:41
531,Port Hardy,50.6996,-127.4199,57.38,72,75,5.75,CA,2022-06-15 22:53:42
532,Carbonia,39.1672,8.5222,75.0,54,40,2.26,IT,2022-06-15 22:53:42
533,Puerto Escondido,15.85,-97.0667,77.05,91,100,14.61,MX,2022-06-15 22:53:42
534,Pimentel,-6.8367,-79.9342,68.29,64,0,23.02,PE,2022-06-15 22:49:50
535,Kousseri,12.0769,15.0306,88.25,38,36,3.27,CM,2022-06-15 22:53:43
536,Qasigiannguit,68.8193,-51.1922,37.69,71,7,3.91,GL,2022-06-15 22:53:43
537,Sovetskiy,61.3614,63.5842,54.05,60,17,3.65,RU,2022-06-15 22:53:43
538,Linqiong,30.4159,103.4609,69.62,65,96,2.84,CN,2022-06-15 22:53:44
539,Kungurtug,50.5994,97.5228,56.41,86,33,0.76,RU,2022-06-15 22:53:44
540,Namibe,-15.1961,12.1522,63.91,82,10,1.79,AO,2022-06-15 22:53:44
